vendor,date,avg_discount_rate
Galleria,2024-02-28,16.30628419665
Galleria,2024-02-29,16.30628419665
Galleria,2024-03-01,22.7334233445271
Galleria,2024-03-02,22.7334233445271
Galleria,2024-03-03,22.7334233445271
Galleria,2024-03-05,22.7334233445271
Galleria,2024-03-06,22.7334233445271
Galleria,2024-03-07,22.7334233445271
Galleria,2024-03-08,14.0054437116433
Galleria,2024-03-09,14.0054437116433
Galleria,2024-03-10,14.0054437116433
Galleria,2024-03-11,14.0054437116433
Galleria,2024-03-12,14.0054437116433
Galleria,2024-03-18,15.6149477234842
Galleria,2024-03-19,15.6149477234842
Galleria,2024-03-20,15.6149477234842
Galleria,2024-03-21,15.6149477234842
Galleria,2024-03-22,18.0086545819593
Galleria,2024-03-23,18.0086545819593
Galleria,2024-03-24,18.0086545819593
Galleria,2024-03-25,18.0086545819593
Galleria,2024-03-26,18.0086545819593
Galleria,2024-03-27,18.0086545819593
Galleria,2024-03-28,18.0086545819593
Galleria,2024-03-29,16.8683123059748
Galleria,2024-03-30,16.8683123059748
Galleria,2024-03-31,16.8683123059748
Galleria,2024-04-01,16.7038657001698
Galleria,2024-04-02,16.7038657001698
Galleria,2024-04-03,16.7038657001698
Galleria,2024-04-04,16.7038657001698
Galleria,2024-04-05,13.6448751051549
Galleria,2024-04-06,12.9599882604766
Galleria,2024-04-07,12.9599882604766
Galleria,2024-04-08,12.9599882604766
Galleria,2024-04-09,12.9599882604766
Galleria,2024-04-10,12.9599882604766
Galleria,2024-04-11,12.9599882604766
Galleria,2024-04-12,12.9599882604766
Galleria,2024-04-13,12.9599882604766
Galleria,2024-04-14,12.9599882604766
Galleria,2024-04-15,12.9599882604766
Galleria,2024-04-16,12.9599882604766
Galleria,2024-04-17,12.9599882604766
Galleria,2024-04-18,16.3926446411039
Galleria,2024-04-19,15.3822374470047
Galleria,2024-04-20,15.3822374470047
Galleria,2024-04-21,15.3822374470047
Galleria,2024-04-22,15.3822374470047
Galleria,2024-04-23,15.3822374470047
Galleria,2024-04-24,15.3822374470047
Galleria,2024-04-25,13.6445706662424
Galleria,2024-04-26,11.6534350784426
Galleria,2024-04-27,11.6534350784426
Galleria,2024-04-28,12.9482611982695
Galleria,2024-04-29,12.9482611982695
Galleria,2024-04-30,12.9482611982695
Galleria,2024-05-01,12.9482611982695
Galleria,2024-05-02,16.0110317408827
Galleria,2024-05-03,16.0110317408827
Galleria,2024-05-04,16.0110317408827
Galleria,2024-05-05,16.0110317408827
Galleria,2024-05-06,16.0110317408827
Galleria,2024-05-07,16.0110317408827
Galleria,2024-05-08,16.0110317408827
Galleria,2024-05-09,16.0110317408827
Galleria,2024-05-10,15.5410929385447
Galleria,2024-05-11,15.5410929385447
Galleria,2024-05-12,15.5410929385447
Galleria,2024-05-13,15.5410929385447
Galleria,2024-05-14,15.5410929385447
Galleria,2024-05-15,15.5410929385447
Galleria,2024-05-16,15.5410929385447
Galleria,2024-05-17,16.5880448326964
Galleria,2024-05-18,16.5880448326964
Galleria,2024-05-19,16.5880448326964
Galleria,2024-05-20,16.5880448326964
Galleria,2024-05-21,15.4695585309876
Galleria,2024-05-22,16.5880448326964
Galleria,2024-05-23,16.5880448326964
Galleria,2024-05-24,14.061598984954
Galleria,2024-05-25,14.061598984954
Galleria,2024-05-26,16.0333655078633
Galleria,2024-05-27,16.0333655078633
Galleria,2024-05-28,16.0333655078633
Galleria,2024-05-29,16.0333655078633
Galleria,2024-05-30,16.0333655078633
Galleria,2024-05-31,15.5659082351899
Galleria,2024-06-01,15.5659082351899
Galleria,2024-06-02,17.641502411914
Galleria,2024-06-03,17.8580839577481
Galleria,2024-06-04,17.8580839577481
Galleria,2024-06-05,17.8580839577481
Galleria,2024-06-06,17.8580839577481
Galleria,2024-06-07,19.5447907045751
Galleria,2024-06-08,19.5447907045751
Galleria,2024-06-09,19.5447907045751
Galleria,2024-06-10,17.7991519712577
Galleria,2024-06-11,17.4127682883659
Galleria,2024-06-12,17.4127682883659
Galleria,2024-06-13,17.4201419302764
Galleria,2024-06-14,17.723125682173
Galleria,2024-06-15,18.038879544186
Galleria,2024-06-16,18.038879544186
Galleria,2024-06-17,18.038879544186
Galleria,2024-06-18,18.0362695418291
Galleria,2024-06-19,16.968991633575
Galleria,2024-06-20,16.0283383333183
Galleria,2024-06-21,15.4944050570918
Galleria,2024-06-22,15.4944050570918
Galleria,2024-06-23,16.7611220501075
Galleria,2024-06-24,15.8894124485265
Galleria,2024-06-25,18.421178967283
Galleria,2024-06-26,18.6992316936779
Galleria,2024-06-27,18.5799131253715
Galleria,2024-06-28,20.5993729751148
Galleria,2024-06-29,21.0433593639881
Galleria,2024-06-30,20.6226494689687
Galleria,2024-07-01,20.9337231573345
Galleria,2024-07-02,21.0857756672381
Galleria,2024-07-03,20.8605996889229
Galleria,2024-07-04,21.1522186031125
Galleria,2024-07-05,20.6472185544793
Galleria,2024-07-06,20.6701428110056
Galleria,2024-07-07,21.7447829264401
Galleria,2024-07-08,21.722330658313
Galleria,2024-07-09,21.5226703202905
Galleria,2024-07-10,20.7215835289289
Galleria,2024-07-11,20.0119328486385
Galleria,2024-07-12,20.5757909983066
Galleria,2024-07-13,20.5757909983066
Galleria,2024-07-14,20.4278574252131
Galleria,2024-07-15,20.4767125156178
Galleria,2024-07-16,20.1935398137685
Galleria,2024-07-17,20.3945591404754
Galleria,2024-07-18,21.0135493125653
Galleria,2024-07-19,20.8157895431068
Galleria,2024-07-20,20.8157895431068
Galleria,2024-07-21,21.0684534476318
Galleria,2024-07-22,21.0605730822251
Galleria,2024-07-23,21.2213419547596
Galleria,2024-07-24,21.8027729158179
Galleria,2024-07-25,21.9877373131522
Galleria,2024-07-26,20.8291062383041
Galleria,2024-07-27,21.4647449590922
Galleria,2024-07-28,21.4647449590922
Galleria,2024-07-29,20.8850107444612
Galleria,2024-07-30,21.8460151274872
Galleria,2024-07-31,23.3200787552886
Galleria,2024-08-01,22.4497448816464
Galleria,2024-08-02,22.3334019612258
Galleria,2024-08-03,21.6132159396562
Galleria,2024-08-04,21.8356059867581
Galleria,2024-08-05,23.4716091296055
Galleria,2024-08-06,22.6374714288395
Galleria,2024-08-07,22.6282463291643
Galleria,2024-08-08,21.2897034700348
Galleria,2024-08-09,21.9672599872254
Galleria,2024-08-10,21.6894811924641
Galleria,2024-08-11,21.3072624109729
Galleria,2024-08-12,21.5329329526599
Galleria,2024-08-13,22.6014963027149
Galleria,2024-08-14,22.1464686372578
Galleria,2024-08-15,22.6855361745019
Galleria,2024-08-16,23.0590577758864
Galleria,2024-08-17,23.8447113105612
Galleria,2024-08-18,23.7830238223324
Galleria,2024-08-19,23.1416438415335
Galleria,2024-08-20,26.1789302362129
Galleria,2024-08-21,25.9722708796832
Galleria,2024-08-22,24.7591047953172
Galleria,2024-08-23,24.9302408074547
Galleria,2024-08-24,24.8156068042137
Galleria,2024-08-25,24.9350811918278
Galleria,2024-08-26,24.5674722035043
Galleria,2024-08-27,24.8998071293806
Galleria,2024-08-28,24.9736323201026
Galleria,2024-08-29,24.8514807981877
Galleria,2024-08-30,25.0477239322034
Galleria,2024-08-31,25.5994175340894
Galleria,2024-09-01,25.9633554151726
Galleria,2024-09-02,26.2398101150761
Galleria,2024-09-03,26.1175260695654
Galleria,2024-09-04,25.3473107029957
Galleria,2024-09-05,23.8180458955321
Galleria,2024-09-06,22.9491962300316
Galleria,2024-09-07,22.7660367071925
Galleria,2024-09-08,22.5523526427472
Galleria,2024-09-09,22.6295814525912
Galleria,2024-09-10,22.1995819758311
Galleria,2024-09-11,22.8725601502396
Galleria,2024-09-12,23.2746633116324
Galleria,2024-09-13,24.4523417088791
Galleria,2024-09-14,23.4788415838422
Galleria,2024-09-15,23.5502509846575
Galleria,2024-09-16,23.0606012625088
Galleria,2024-09-17,22.9723108937556
Galleria,2024-09-18,22.952455503763
Galleria,2024-09-19,22.7895864316175
Galleria,2024-09-20,21.959550233222
Galleria,2024-09-21,22.0770817597506
Galleria,2024-09-22,22.1457626340317
Galleria,2024-09-23,22.0289250135256
Galleria,2024-09-24,22.3747088122795
Galleria,2024-09-25,21.9076894570271
Galleria,2024-09-26,20.6747080287398
Galleria,2024-09-27,19.8459805790317
Galleria,2024-09-28,19.8459805790317
Galleria,2024-09-29,19.8459805790317
Galleria,2024-09-30,20.6733281606234
Galleria,2024-10-01,20.7614192474527
Galleria,2024-10-02,21.7628525932561
Galleria,2024-10-03,21.1483913373824
Galleria,2024-10-04,20.0656424218871
Galleria,2024-10-05,20.3804249103698
Galleria,2024-10-06,21.348144663614
Galleria,2024-10-07,20.7719916373703
Galleria,2024-10-08,20.8828903165486
Galleria,2024-10-09,20.6515106321506
Galleria,2024-10-10,20.1896261856646
Galleria,2024-10-11,21.8258804459323
Galleria,2024-10-12,22.0082088758508
Galleria,2024-10-13,21.8228179052901
Galleria,2024-10-14,21.9446249620374
Galleria,2024-10-15,21.8242704700309
Galleria,2024-10-16,21.0440112808731
Galleria,2024-10-17,21.1400755602569
Galleria,2024-10-18,20.7926696879788
Galleria,2024-10-19,20.5478650373665
Galleria,2024-10-20,21.181780065162
Galleria,2024-10-21,21.5707432608487
Galleria,2024-10-22,21.7548049066265
Galleria,2024-10-23,21.7046208268782
Galleria,2024-10-24,21.7046208268782
Galleria,2024-10-25,21.0819236825126
Galleria,2024-10-26,21.0534406359844
Galleria,2024-10-27,21.1245327385587
Galleria,2024-10-28,21.0578173004692
Galleria,2024-10-29,21.0578173004692
Galleria,2024-10-30,21.3462805511606
Galleria,2024-10-31,21.2880010161956
Galleria,2024-11-01,21.6421493118125
Galleria,2024-11-02,21.7182180817437
Galleria,2024-11-03,21.4316663314688
Galleria,2024-11-04,21.2612988854583
Galleria,2024-11-05,21.3293355708309
Galleria,2024-11-06,21.2799035382399
Galleria,2024-11-07,21.4306626901849
Galleria,2024-11-08,19.6345629497402
Galleria,2024-11-09,19.5167336556473
Galleria,2024-11-10,19.5167336556473
Galleria,2024-11-11,19.1460982714893
Loblaws,2024-02-28,17.0129491363904
Loblaws,2024-02-29,10.3764080404216
Loblaws,2024-03-01,10.3764080404216
Loblaws,2024-03-02,10.3764080404216
Loblaws,2024-03-03,10.3764080404216
Loblaws,2024-03-26,18.6700130281202
Loblaws,2024-03-27,20.8494764141372
Loblaws,2024-03-28,16.0956105891838
Loblaws,2024-03-29,14.3652454854477
Loblaws,2024-03-30,15.4648827973158
Loblaws,2024-03-31,16.2527852137414
Loblaws,2024-04-01,16.1464540310407
Loblaws,2024-04-02,16.6401482992161
Loblaws,2024-04-03,14.3460779008368
Loblaws,2024-04-04,23.6086672106632
Loblaws,2024-04-05,23.0377037802705
Loblaws,2024-04-06,23.340258918325
Loblaws,2024-04-07,23.9979340034602
Loblaws,2024-04-08,27.3212845634959
Loblaws,2024-04-09,26.4431566582851
Loblaws,2024-04-10,28.4247356388715
Loblaws,2024-04-11,16.2767090389116
Loblaws,2024-04-12,17.0385999157758
Loblaws,2024-04-13,16.665618346041
Loblaws,2024-04-14,17.1579937279663
Loblaws,2024-04-15,15.9025762318901
Loblaws,2024-04-16,18.1181063761049
Loblaws,2024-04-17,16.9677680665907
Loblaws,2024-04-18,21.0313279782659
Loblaws,2024-04-19,22.5250836344766
Loblaws,2024-04-20,17.9718609889236
Loblaws,2024-04-21,21.4675754304389
Loblaws,2024-04-22,17.5842696604793
Loblaws,2024-04-23,17.5816579460265
Loblaws,2024-04-24,20.2228937428164
Loblaws,2024-04-25,21.2704293245557
Loblaws,2024-04-26,21.3333783478071
Loblaws,2024-04-27,22.0503969155472
Loblaws,2024-04-28,19.2989120553082
Loblaws,2024-04-29,21.017156774194
Loblaws,2024-04-30,20.9290281416419
Loblaws,2024-05-01,20.5139311584664
Loblaws,2024-05-02,20.3276329148765
Loblaws,2024-05-03,23.1443089798768
Loblaws,2024-05-04,24.2428709142385
Loblaws,2024-05-05,21.3983014689564
Loblaws,2024-05-06,24.2245848557447
Loblaws,2024-05-07,24.1424015485066
Loblaws,2024-05-08,22.605103247288
Loblaws,2024-05-09,20.6913423086599
Loblaws,2024-05-10,20.3621754046242
Loblaws,2024-05-11,21.2271279666633
Loblaws,2024-05-12,21.367996082142
Loblaws,2024-05-13,21.2930998484281
Loblaws,2024-05-14,18.8226910709191
Loblaws,2024-05-15,18.8125584069472
Loblaws,2024-05-16,19.6014810044099
Loblaws,2024-05-17,17.5107746306527
Loblaws,2024-05-18,17.1414634316195
Loblaws,2024-05-19,17.1357795030275
Loblaws,2024-05-20,18.4052796065905
Loblaws,2024-05-21,16.7266121529079
Loblaws,2024-05-22,17.6257821717555
Loblaws,2024-05-23,16.6118389881997
Loblaws,2024-05-24,15.1350159058825
Loblaws,2024-05-25,15.7027490080786
Loblaws,2024-05-26,15.8048516432761
Loblaws,2024-05-27,14.0719409542589
Loblaws,2024-05-28,17.0563812286331
Loblaws,2024-05-29,17.0391483519378
Loblaws,2024-05-30,18.4905627761609
Loblaws,2024-05-31,15.8016513768634
Loblaws,2024-06-01,18.4905627761609
Loblaws,2024-06-02,16.755932015946
Loblaws,2024-06-03,15.5375856960615
Loblaws,2024-06-04,17.9842581953601
Loblaws,2024-06-05,16.755932015946
Loblaws,2024-06-06,19.2963666544191
Loblaws,2024-06-07,17.0623293457739
Loblaws,2024-06-08,17.9338377394498
Loblaws,2024-06-09,21.6442693308943
Loblaws,2024-06-10,20.2117259121227
Loblaws,2024-06-11,16.0047887101723
Loblaws,2024-06-12,15.8878395268202
Loblaws,2024-06-13,16.6112321681263
Loblaws,2024-06-14,16.4738478420018
Loblaws,2024-06-15,16.6898548398371
Loblaws,2024-06-16,16.4303488964379
Loblaws,2024-06-17,16.5792850972609
Loblaws,2024-06-18,16.7293225966168
Loblaws,2024-06-19,16.6197008590472
Loblaws,2024-06-20,17.3128185026709
Loblaws,2024-06-21,17.2194359435834
Loblaws,2024-06-22,17.1749813500802
Loblaws,2024-06-23,17.124804409476
Loblaws,2024-06-24,16.9519852199986
Loblaws,2024-06-25,17.1225566282333
Loblaws,2024-06-26,16.9825023961229
Loblaws,2024-06-27,16.9548142511822
Loblaws,2024-06-28,16.8814863662562
Loblaws,2024-06-29,16.9501037578137
Loblaws,2024-06-30,17.0252893571482
Loblaws,2024-07-01,16.7915680459831
Loblaws,2024-07-02,16.7915680459831
Loblaws,2024-07-03,16.8475611289858
Loblaws,2024-07-04,17.2082324568063
Loblaws,2024-07-05,17.0936329736288
Loblaws,2024-07-06,17.0724034996458
Loblaws,2024-07-07,17.0724034996458
Loblaws,2024-07-08,17.0724034996458
Loblaws,2024-07-09,17.0548162982697
Loblaws,2024-07-10,16.3675121463406
Loblaws,2024-07-11,16.0652511787329
Loblaws,2024-07-12,16.1114110163638
Loblaws,2024-07-13,16.0553034381774
Loblaws,2024-07-14,15.8144471628248
Loblaws,2024-07-15,16.0385090839028
Loblaws,2024-07-16,15.9672044094713
Loblaws,2024-07-17,15.8541271304515
Loblaws,2024-07-18,16.4978115003347
Loblaws,2024-07-19,16.5470352215955
Loblaws,2024-07-20,16.43276528363
Loblaws,2024-07-21,16.5039933976764
Loblaws,2024-07-22,16.4126687616301
Loblaws,2024-07-23,16.4297436333373
Loblaws,2024-07-24,16.3496395092791
Loblaws,2024-07-25,16.469345130902
Loblaws,2024-07-26,16.4735439240512
Loblaws,2024-07-27,16.4247105879398
Loblaws,2024-07-28,16.5327234293619
Loblaws,2024-07-29,16.7626763437534
Loblaws,2024-07-30,16.4268910316179
Loblaws,2024-07-31,16.5514783989581
Loblaws,2024-08-01,15.8860014549203
Loblaws,2024-08-02,16.5460008407843
Loblaws,2024-08-03,16.4782201454982
Loblaws,2024-08-04,16.558981984762
Loblaws,2024-08-05,16.2194879832572
Loblaws,2024-08-06,16.3615270822585
Loblaws,2024-08-07,16.4609783898783
Loblaws,2024-08-08,16.3683422954416
Loblaws,2024-08-09,16.0763042612509
Loblaws,2024-08-10,15.9896163090216
Loblaws,2024-08-11,16.1165575232521
Loblaws,2024-08-12,16.1344838381671
Loblaws,2024-08-13,16.2668213696247
Loblaws,2024-08-14,15.5860688140507
Loblaws,2024-08-15,16.588361602663
Loblaws,2024-08-16,16.5290515886981
Loblaws,2024-08-17,16.5665687896051
Loblaws,2024-08-18,16.5060860170473
Loblaws,2024-08-19,16.5311833912537
Loblaws,2024-08-20,16.4829931324617
Loblaws,2024-08-21,16.2097027001313
Loblaws,2024-08-22,16.2170984081884
Loblaws,2024-08-23,16.1578918437118
Loblaws,2024-08-24,16.1599020857989
Loblaws,2024-08-25,16.2537150512473
Loblaws,2024-08-26,16.2001401457767
Loblaws,2024-08-28,15.8259367731816
Loblaws,2024-08-29,17.02808616691
Loblaws,2024-08-30,16.9181126041203
Loblaws,2024-08-31,16.9139673452869
Loblaws,2024-09-01,17.0375418979206
Loblaws,2024-09-02,16.904030811403
Loblaws,2024-09-03,16.9369288033598
Loblaws,2024-09-04,16.9145903372258
Loblaws,2024-09-05,15.9892704621623
Loblaws,2024-09-06,16.0447355493889
Loblaws,2024-09-07,16.0779201009182
Loblaws,2024-09-08,15.9944893390124
Loblaws,2024-09-09,16.013102628224
Loblaws,2024-09-10,15.9311406512219
Loblaws,2024-09-11,
Loblaws,2024-09-12,
Loblaws,2024-09-13,16.6624653544294
Loblaws,2024-09-14,16.4755688630035
Loblaws,2024-09-15,16.5938566491605
Loblaws,2024-09-16,16.5417403860527
Loblaws,2024-09-17,16.5164744376514
Loblaws,2024-09-18,16.5015731827985
Loblaws,2024-09-19,16.2076524513114
Loblaws,2024-09-20,15.8743415512508
Loblaws,2024-09-21,16.1100036263358
Loblaws,2024-09-22,16.1636431412815
Loblaws,2024-09-23,15.6816105682954
Loblaws,2024-09-24,15.6158374667853
Loblaws,2024-09-25,15.6159185728155
Loblaws,2024-09-26,15.2122101604819
Loblaws,2024-09-27,15.1487076877194
Loblaws,2024-09-28,15.3270582501104
Loblaws,2024-09-29,15.2212908378337
Loblaws,2024-09-30,15.2319873984665
Loblaws,2024-10-01,15.1355579162375
Loblaws,2024-10-02,14.884712573381
Loblaws,2024-10-03,15.818221705382
Loblaws,2024-10-04,15.7540633767081
Loblaws,2024-10-05,15.7684141150777
Loblaws,2024-10-06,15.7714738275323
Loblaws,2024-10-07,15.7444354560996
Loblaws,2024-10-08,15.7782186838348
Loblaws,2024-10-09,15.7071843346686
Loblaws,2024-10-10,16.8625377432374
Loblaws,2024-10-11,16.9144647451041
Loblaws,2024-10-12,16.8913689713491
Loblaws,2024-10-13,16.897436117912
Loblaws,2024-10-14,16.8525779020933
Loblaws,2024-10-15,16.7784362061376
Loblaws,2024-10-16,16.7989533484851
Loblaws,2024-10-17,15.899420874535
Loblaws,2024-10-18,15.9303526776104
Loblaws,2024-10-19,15.8842511734022
Loblaws,2024-10-20,15.9897356388976
Loblaws,2024-10-21,15.8687689585426
Loblaws,2024-10-22,15.878148987495
Loblaws,2024-10-23,16.013960368487
Loblaws,2024-10-24,17.0985217834492
Loblaws,2024-10-25,17.1442516310279
Loblaws,2024-10-26,17.1100469001271
Loblaws,2024-10-27,17.1405941061449
Loblaws,2024-10-28,17.1205902261913
Loblaws,2024-10-29,16.9855525703042
Loblaws,2024-10-30,16.57562707301
Loblaws,2024-10-31,15.9949781338803
Loblaws,2024-11-01,16.1625665610395
Loblaws,2024-11-02,16.0585345925281
Loblaws,2024-11-03,16.0595595941268
Loblaws,2024-11-04,16.0915642052912
Loblaws,2024-11-05,16.0314538392864
Loblaws,2024-11-06,16.0227748576267
Loblaws,2024-11-07,16.4133323703743
Loblaws,2024-11-08,16.4664508108223
Loblaws,2024-11-09,16.438313121856
Loblaws,2024-11-10,16.4412414853955
Loblaws,2024-11-11,16.4255773263004
Metro,2024-02-28,22.7148554070634
Metro,2024-02-29,23.1602513660948
Metro,2024-03-01,29.7812359146771
Metro,2024-03-02,30.6178962214741
Metro,2024-03-03,23.4103136523216
Metro,2024-03-04,28.7937230592453
Metro,2024-03-05,32.9736873679009
Metro,2024-03-06,30.1136476999238
Metro,2024-03-07,19.281857005443
Metro,2024-03-08,19.7475868579329
Metro,2024-03-09,15.130395557249
Metro,2024-03-10,19.2843760209848
Metro,2024-03-11,15.7967675880902
Metro,2024-03-12,15.9305920943402
Metro,2024-03-13,15.7967675880902
Metro,2024-03-14,25.7850433194254
Metro,2024-03-15,22.6238938778799
Metro,2024-03-16,23.7645067957318
Metro,2024-03-17,23.9604389476952
Metro,2024-03-18,26.4094584407417
Metro,2024-03-19,22.0373088920088
Metro,2024-03-20,18.8803451347485
Metro,2024-03-21,21.6934644782949
Metro,2024-03-22,26.2860612919204
Metro,2024-03-23,21.4310998445825
Metro,2024-03-24,22.2408812989849
Metro,2024-03-25,20.2634577458708
Metro,2024-03-26,22.6146616889803
Metro,2024-03-27,18.2581320961813
Metro,2024-03-28,18.4152871382821
Metro,2024-03-29,18.6880250209717
Metro,2024-03-30,16.1258825607846
Metro,2024-03-31,14.6488903340695
Metro,2024-04-01,17.4377453020905
Metro,2024-04-02,16.6861899999013
Metro,2024-04-03,17.3067554936332
Metro,2024-04-04,14.1439927334636
Metro,2024-04-05,14.2233398474071
Metro,2024-04-06,14.3151228807115
Metro,2024-04-07,16.0669692450611
Metro,2024-04-08,14.1583095587065
Metro,2024-04-09,14.0679805143364
Metro,2024-04-10,14.0093079138426
Metro,2024-04-11,22.4580575486326
Metro,2024-04-12,19.8740335228676
Metro,2024-04-13,22.060928199329
Metro,2024-04-14,22.4757802710639
Metro,2024-04-15,21.7002013448244
Metro,2024-04-16,21.4163115750384
Metro,2024-04-17,22.1793097181968
Metro,2024-04-18,26.9046601743648
Metro,2024-04-19,26.4871881045846
Metro,2024-04-20,27.4680945948218
Metro,2024-04-21,25.7331161668122
Metro,2024-04-22,25.532963040576
Metro,2024-04-23,27.1290911697567
Metro,2024-04-24,23.6003403823023
Metro,2024-04-25,22.5903001823778
Metro,2024-04-26,21.8390236469389
Metro,2024-04-27,22.5796383198876
Metro,2024-04-28,23.0057541780974
Metro,2024-04-29,21.3891412387204
Metro,2024-04-30,21.6564401350894
Metro,2024-05-01,21.5194109730886
Metro,2024-05-02,29.294868984502
Metro,2024-05-03,28.9455673435969
Metro,2024-05-04,25.377339789016
Metro,2024-05-05,28.5984998024299
Metro,2024-05-06,28.4151458559233
Metro,2024-05-07,27.768627304939
Metro,2024-05-08,27.563144014506
Metro,2024-05-09,22.4987799344529
Metro,2024-05-10,21.570982278332
Metro,2024-05-11,20.5223175547257
Metro,2024-05-12,21.4107716118782
Metro,2024-05-13,20.3993173062334
Metro,2024-05-14,19.7416404844375
Metro,2024-05-15,16.5796247758561
Metro,2024-05-16,20.3043885304381
Metro,2024-05-17,19.2406898960154
Metro,2024-05-18,23.3438459062359
Metro,2024-05-19,20.8819636858298
Metro,2024-05-20,20.0677783620396
Metro,2024-05-21,19.7604453176142
Metro,2024-05-22,21.028683209235
Metro,2024-05-23,19.9416577379305
Metro,2024-05-24,22.4099187050557
Metro,2024-05-25,22.8440393093776
Metro,2024-05-26,22.3785837387583
Metro,2024-05-27,22.6164530637928
Metro,2024-05-28,22.8366598584075
Metro,2024-05-29,22.1719157481248
Metro,2024-05-30,23.6140554124777
Metro,2024-05-31,24.3949101493203
Metro,2024-06-01,21.4393042926894
Metro,2024-06-02,21.6069478069213
Metro,2024-06-03,21.7960454767689
Metro,2024-06-04,17.7737913886189
Metro,2024-06-05,27.6050535906698
Metro,2024-06-06,21.6442382920617
Metro,2024-06-07,22.2210944095981
Metro,2024-06-08,22.6256840712156
Metro,2024-06-09,22.3147687475212
Metro,2024-06-10,23.3203857913745
Metro,2024-06-11,22.1741181986098
Metro,2024-06-12,22.9078297520958
Metro,2024-06-13,22.510749803805
Metro,2024-06-14,22.5010006445263
Metro,2024-06-15,22.396245251164
Metro,2024-06-16,23.0699021849414
Metro,2024-06-17,21.9620232706657
Metro,2024-06-18,22.234926370638
Metro,2024-06-19,21.9213504459206
Metro,2024-06-20,22.1302105892532
Metro,2024-06-21,22.1363404521726
Metro,2024-06-22,20.458084209943
Metro,2024-06-23,23.4217928743722
Metro,2024-06-24,22.2604105590936
Metro,2024-06-25,22.5140971516684
Metro,2024-06-26,22.8249281492466
Metro,2024-06-27,24.401484685404
Metro,2024-06-28,23.2962968285432
Metro,2024-06-29,22.7375751145606
Metro,2024-06-30,23.0597025405115
Metro,2024-07-01,23.0010070320921
Metro,2024-07-02,22.5120722814869
Metro,2024-07-03,22.9914523447381
Metro,2024-07-04,21.9873782456065
Metro,2024-07-05,22.4624211883816
Metro,2024-07-06,22.3939641612372
Metro,2024-07-07,22.4961187912553
Metro,2024-07-08,23.0252493335761
Metro,2024-07-09,22.4197249592457
Metro,2024-07-10,23.0787914354197
Metro,2024-07-11,26.7218076261035
Metro,2024-07-12,25.3454443151617
Metro,2024-07-13,24.8421582182337
Metro,2024-07-14,25.6960081132648
Metro,2024-07-15,24.6261782213788
Metro,2024-07-16,25.2751859000613
Metro,2024-07-17,25.3068583190074
Metro,2024-07-18,23.4008581579171
Metro,2024-07-19,24.4777613579652
Metro,2024-07-20,24.3860445707977
Metro,2024-07-21,23.2624544149264
Metro,2024-07-22,23.8297750807699
Metro,2024-07-23,24.9042819629719
Metro,2024-07-24,23.7054160094966
Metro,2024-07-25,25.8938968988998
Metro,2024-07-26,26.8964373699598
Metro,2024-07-27,25.3059570737243
Metro,2024-07-28,23.7584612661609
Metro,2024-07-29,24.8962148811283
Metro,2024-07-30,25.5649269486445
Metro,2024-07-31,23.9773454505468
Metro,2024-08-01,25.0595967228672
Metro,2024-08-02,24.6389226816653
Metro,2024-08-03,24.6776394737287
Metro,2024-08-04,24.6851147636892
Metro,2024-08-05,24.2300184865754
Metro,2024-08-06,27.0938071211268
Metro,2024-08-07,25.2851684847934
Metro,2024-08-08,24.312235393767
Metro,2024-08-09,22.8641313001645
Metro,2024-08-10,23.6347390059291
Metro,2024-08-11,23.1551167530513
Metro,2024-08-12,23.9164463649488
Metro,2024-08-13,25.0928825469741
Metro,2024-08-14,24.5859391510489
Metro,2024-08-15,22.3429964472594
Metro,2024-08-16,22.4518023081174
Metro,2024-08-17,23.1591113591946
Metro,2024-08-18,22.7550554186556
Metro,2024-08-19,23.4974689574152
Metro,2024-08-20,22.3309215822745
Metro,2024-08-21,23.2497555373209
Metro,2024-08-22,24.2406440723125
Metro,2024-08-23,23.3146125652406
Metro,2024-08-24,23.4743728129804
Metro,2024-08-25,23.9665827675007
Metro,2024-08-26,24.1927939065106
Metro,2024-08-27,24.6836574446262
Metro,2024-08-28,24.886309389436
Metro,2024-08-29,26.9110194677849
Metro,2024-08-30,23.8371234894249
Metro,2024-08-31,23.827738895684
Metro,2024-09-01,23.9174092197005
Metro,2024-09-02,24.4262200238846
Metro,2024-09-03,24.0129153740942
Metro,2024-09-04,24.1541416492412
Metro,2024-09-05,22.9858746736927
Metro,2024-09-06,22.9013443316241
Metro,2024-09-07,22.6449749223752
Metro,2024-09-08,23.0015443131684
Metro,2024-09-09,23.0006214422819
Metro,2024-09-10,23.3023975622828
Metro,2024-09-11,22.8630436635143
Metro,2024-09-12,22.9368028365321
Metro,2024-09-13,24.5490587236535
Metro,2024-09-14,22.6536201405337
Metro,2024-09-15,22.1538184355438
Metro,2024-09-16,24.1511060446115
Metro,2024-09-17,28.8115816983467
Metro,2024-09-18,22.0766118558698
Metro,2024-09-19,22.6310701940926
Metro,2024-09-20,23.0062077223612
Metro,2024-09-21,23.0639788626744
Metro,2024-09-22,22.8306026384681
Metro,2024-09-23,23.4422824226708
Metro,2024-09-24,23.2237842056764
Metro,2024-09-25,22.6367735288709
Metro,2024-09-26,24.0439148545909
Metro,2024-09-27,24.7398810419042
Metro,2024-09-28,21.0007695317287
Metro,2024-09-29,20.1356024921445
Metro,2024-09-30,23.1857337982995
Metro,2024-10-01,19.4394041306077
Metro,2024-10-02,18.4586566726274
Metro,2024-10-03,19.2434834069755
Metro,2024-10-05,20.8630892940489
Metro,2024-10-06,20.9854109665894
Metro,2024-10-07,18.6610972218306
Metro,2024-10-08,21.9586285468566
Metro,2024-10-09,23.4532506285802
Metro,2024-10-10,18.3588655228594
Metro,2024-10-11,16.0406899034402
Metro,2024-10-12,15.3168621697804
Metro,2024-10-13,14.1036316891551
Metro,2024-10-14,17.6925511209848
Metro,2024-10-15,13.3187966138267
Metro,2024-10-16,13.4651007609127
Metro,2024-10-17,17.8828046731776
Metro,2024-10-18,18.1391140362905
Metro,2024-10-19,17.3027602011554
Metro,2024-10-20,17.9850824037541
Metro,2024-10-21,17.0180285629048
Metro,2024-10-22,17.2945245523624
Metro,2024-10-23,17.8850461512212
Metro,2024-10-24,21.360802768568
Metro,2024-10-25,18.5321912360092
Metro,2024-10-26,19.8842694527521
Metro,2024-10-27,18.5742126647702
Metro,2024-10-28,18.8384922944445
Metro,2024-10-29,17.9410139134682
Metro,2024-10-30,18.3246647069351
Metro,2024-10-31,19.5997081454094
Metro,2024-11-01,21.0409706663877
Metro,2024-11-02,21.4701215537058
Metro,2024-11-03,21.7493346585753
Metro,2024-11-04,21.3708298982464
Metro,2024-11-05,20.0471617086729
Metro,2024-11-06,21.8252822146532
Metro,2024-11-07,19.3852836646988
Metro,2024-11-08,22.5353619917844
Metro,2024-11-09,20.0947501255461
Metro,2024-11-10,19.3829442872878
Metro,2024-11-11,19.4172574243691
NoFrills,2024-02-28,16.7954653937435
NoFrills,2024-02-29,13.6307613961665
NoFrills,2024-03-01,11.550526786395
NoFrills,2024-03-02,13.9409843471206
NoFrills,2024-03-03,14.1019632482889
NoFrills,2024-03-26,12.6424828117706
NoFrills,2024-03-27,14.0357506665335
NoFrills,2024-03-28,3.14400689484601
NoFrills,2024-03-29,17.7939627963247
NoFrills,2024-03-30,24.2110360650067
NoFrills,2024-03-31,0.731748082807328
NoFrills,2024-04-01,13.1577229255241
NoFrills,2024-04-02,15.2307843563268
NoFrills,2024-04-03,10.2468057138867
NoFrills,2024-04-04,18.0537133654129
NoFrills,2024-04-05,28.39559220449
NoFrills,2024-04-06,21.1366357412547
NoFrills,2024-04-07,3.23356342694476
NoFrills,2024-04-08,18.7998072556597
NoFrills,2024-04-09,16.0123974798527
NoFrills,2024-04-10,24.8001948532115
NoFrills,2024-04-11,-19.7231927381844
NoFrills,2024-04-12,6.01437333134727
NoFrills,2024-04-13,21.4014075704802
NoFrills,2024-04-14,1.20530072141937
NoFrills,2024-04-15,3.71365096743246
NoFrills,2024-04-16,-9.81823597413764
NoFrills,2024-04-17,-12.908167747776
NoFrills,2024-04-18,-4.66365720794898
NoFrills,2024-04-19,24.5065170436564
NoFrills,2024-04-20,12.1250191689855
NoFrills,2024-04-21,-3.48343011794367
NoFrills,2024-04-22,-2.71347232890596
NoFrills,2024-04-23,18.1376043236797
NoFrills,2024-04-24,13.760827698843
NoFrills,2024-04-25,7.67291210934231
NoFrills,2024-04-26,12.0001389187269
NoFrills,2024-04-27,26.9670629589397
NoFrills,2024-04-28,0.570263193236027
NoFrills,2024-04-29,24.6028359025525
NoFrills,2024-04-30,26.1268737655946
NoFrills,2024-05-01,13.4299605094502
NoFrills,2024-05-02,19.4898112010075
NoFrills,2024-05-03,14.4388813461121
NoFrills,2024-05-04,12.591813888404
NoFrills,2024-05-05,9.11515113746862
NoFrills,2024-05-06,-13.4983956163992
NoFrills,2024-05-07,8.66542926702669
NoFrills,2024-05-08,-3.46104567940707
NoFrills,2024-05-09,-7.28286633919584
NoFrills,2024-05-10,6.97862269920151
NoFrills,2024-05-11,6.94191788527758
NoFrills,2024-05-12,7.94442855299765
NoFrills,2024-05-13,-11.4827623780306
NoFrills,2024-05-14,7.63601098541406
NoFrills,2024-05-15,8.95789572665301
NoFrills,2024-05-16,10.7259485063824
NoFrills,2024-05-17,14.812397534223
NoFrills,2024-05-18,13.675193567343
NoFrills,2024-05-19,15.0649286596219
NoFrills,2024-05-20,13.4825152823063
NoFrills,2024-05-21,13.1591224264234
NoFrills,2024-05-22,13.675193567343
NoFrills,2024-05-23,21.7662820387788
NoFrills,2024-05-24,20.1918510225785
NoFrills,2024-05-25,20.1918510225785
NoFrills,2024-05-26,20.1918510225785
NoFrills,2024-05-27,20.9373786617153
NoFrills,2024-05-28,22.1806819523847
NoFrills,2024-05-29,22.1806819523847
NoFrills,2024-05-30,18.8806090740264
NoFrills,2024-05-31,18.8806090740264
NoFrills,2024-06-01,18.8806090740264
NoFrills,2024-06-02,18.8806090740264
NoFrills,2024-06-03,18.5319637868624
NoFrills,2024-06-04,18.4365483930601
NoFrills,2024-06-05,18.5319637868624
NoFrills,2024-06-06,15.2585941254071
NoFrills,2024-06-07,17.3665920033089
NoFrills,2024-06-08,17.7407507449305
NoFrills,2024-06-09,17.3665920033089
NoFrills,2024-06-10,17.3958456808084
NoFrills,2024-06-11,-5.1217672530443
NoFrills,2024-06-12,-11.3772957190651
NoFrills,2024-06-13,4.64088064006192
NoFrills,2024-06-14,4.38620225911505
NoFrills,2024-06-15,7.35558525132852
NoFrills,2024-06-16,3.12867425426768
NoFrills,2024-06-17,7.10347415232509
NoFrills,2024-06-18,4.20301801300263
NoFrills,2024-06-19,2.50219272346245
NoFrills,2024-06-20,-1.15643863716731
NoFrills,2024-06-21,-4.30007590976452
NoFrills,2024-06-22,-3.329601310847
NoFrills,2024-06-23,-3.73467629527451
NoFrills,2024-06-24,-2.55508543107726
NoFrills,2024-06-25,-1.81640609314617
NoFrills,2024-06-26,0.215527426098618
NoFrills,2024-06-27,-2.18040191779131
NoFrills,2024-06-28,2.02119486405448
NoFrills,2024-06-29,-2.45346321792809
NoFrills,2024-06-30,-0.757396782242527
NoFrills,2024-07-01,18.2895167695988
NoFrills,2024-07-02,18.0629018778339
NoFrills,2024-07-03,18.3267293173311
NoFrills,2024-07-04,18.0158234527502
NoFrills,2024-07-05,18.0463274251625
NoFrills,2024-07-06,18.109872945424
NoFrills,2024-07-07,18.0858980167256
NoFrills,2024-07-08,18.084567782589
NoFrills,2024-07-09,18.3776853790571
NoFrills,2024-07-10,18.0821755105174
NoFrills,2024-07-11,17.8932854574262
NoFrills,2024-07-12,17.5151587982782
NoFrills,2024-07-13,17.7108440043672
NoFrills,2024-07-14,17.6011516167821
NoFrills,2024-07-15,17.5527182323284
NoFrills,2024-07-16,17.6524488333524
NoFrills,2024-07-17,17.2963816157278
NoFrills,2024-07-18,16.9195709686963
NoFrills,2024-07-19,16.8985357133756
NoFrills,2024-07-20,16.9158025290508
NoFrills,2024-07-21,16.8544693474944
NoFrills,2024-07-22,16.9864097538706
NoFrills,2024-07-23,16.8502004565827
NoFrills,2024-07-24,16.7024092781002
NoFrills,2024-07-25,18.2787731823176
NoFrills,2024-07-26,18.2269254189549
NoFrills,2024-07-27,18.2035440004103
NoFrills,2024-07-28,17.7085112530681
NoFrills,2024-07-29,18.5094565295623
NoFrills,2024-07-30,16.9134114507288
NoFrills,2024-07-31,16.8173318573362
NoFrills,2024-08-01,18.101487887839
NoFrills,2024-08-02,18.1186351865579
NoFrills,2024-08-03,17.6412313605906
NoFrills,2024-08-04,17.6933506784862
NoFrills,2024-08-05,17.7661175755267
NoFrills,2024-08-06,17.8237002794229
NoFrills,2024-08-07,17.623398043661
NoFrills,2024-08-08,16.6441297610181
NoFrills,2024-08-09,16.3492554008041
NoFrills,2024-08-10,16.2358621954221
NoFrills,2024-08-11,16.5194974987427
NoFrills,2024-08-12,16.3605571024237
NoFrills,2024-08-13,16.5065957612016
NoFrills,2024-08-14,15.8051786473244
NoFrills,2024-08-15,17.928593621873
NoFrills,2024-08-16,17.7044262664938
NoFrills,2024-08-17,17.8191282742208
NoFrills,2024-08-18,17.8803133603306
NoFrills,2024-08-19,17.9925378653822
NoFrills,2024-08-20,17.9013118039445
NoFrills,2024-08-21,17.7795813708179
NoFrills,2024-08-22,18.9577388147903
NoFrills,2024-08-23,18.978060695668
NoFrills,2024-08-24,19.1142998957108
NoFrills,2024-08-25,18.86883944175
NoFrills,2024-08-26,19.1776178064143
NoFrills,2024-08-28,18.1910013583727
NoFrills,2024-08-29,18.6793871426542
NoFrills,2024-08-30,18.2312559500077
NoFrills,2024-08-31,18.2199692381917
NoFrills,2024-09-01,18.2054835109512
NoFrills,2024-09-02,18.1870747715049
NoFrills,2024-09-03,18.1597122669492
NoFrills,2024-09-04,18.036693416086
NoFrills,2024-09-05,18.7331445323559
NoFrills,2024-09-06,18.4651198105895
NoFrills,2024-09-07,18.5923492137259
NoFrills,2024-09-08,18.8147020044748
NoFrills,2024-09-09,18.6461553343171
NoFrills,2024-09-10,18.7419867322869
NoFrills,2024-09-11,
NoFrills,2024-09-12,
NoFrills,2024-09-13,18.8901037924985
NoFrills,2024-09-14,18.8531194298579
NoFrills,2024-09-15,18.8448755389212
NoFrills,2024-09-16,18.8936446662832
NoFrills,2024-09-17,18.9003967919065
NoFrills,2024-09-18,18.9033735215833
NoFrills,2024-09-19,18.161161086609
NoFrills,2024-09-20,18.5233636303765
NoFrills,2024-09-21,18.2330446577246
NoFrills,2024-09-22,18.0809950490536
NoFrills,2024-09-23,17.8373434520909
NoFrills,2024-09-24,17.8067157143321
NoFrills,2024-09-25,17.6955434902569
NoFrills,2024-09-26,19.0466011705522
NoFrills,2024-09-27,19.0951651116876
NoFrills,2024-09-28,19.0569511529156
NoFrills,2024-09-29,19.0630377517374
NoFrills,2024-09-30,19.0624093983111
NoFrills,2024-10-01,19.0995262351364
NoFrills,2024-10-02,19.0370115421582
NoFrills,2024-10-03,19.7310606529877
NoFrills,2024-10-04,19.6496148296684
NoFrills,2024-10-05,19.5998760136691
NoFrills,2024-10-06,19.6102525783954
NoFrills,2024-10-07,19.6246453823787
NoFrills,2024-10-08,19.6533078663371
NoFrills,2024-10-09,19.4606377146847
NoFrills,2024-10-10,18.7464564615154
NoFrills,2024-10-11,18.7760800658211
NoFrills,2024-10-12,18.7693566679359
NoFrills,2024-10-13,18.7693566679359
NoFrills,2024-10-14,18.7640453463787
NoFrills,2024-10-15,18.771617348382
NoFrills,2024-10-16,18.5221854003961
NoFrills,2024-10-17,17.6614754632723
NoFrills,2024-10-18,17.6295278103724
NoFrills,2024-10-19,17.6212937852777
NoFrills,2024-10-20,17.6640426084351
NoFrills,2024-10-21,17.6273572861785
NoFrills,2024-10-22,17.6200807582211
NoFrills,2024-10-23,17.5766520216575
NoFrills,2024-10-24,18.9133642629556
NoFrills,2024-10-25,18.9737770873949
NoFrills,2024-10-26,19.0058132003636
NoFrills,2024-10-27,18.9870408521839
NoFrills,2024-10-28,18.9750489862458
NoFrills,2024-10-29,18.9177654722478
NoFrills,2024-10-30,18.9345022333288
NoFrills,2024-10-31,16.4525401887181
NoFrills,2024-11-01,16.47213356912
NoFrills,2024-11-02,16.5793457367191
NoFrills,2024-11-03,16.6398178553543
NoFrills,2024-11-04,16.6542576765222
NoFrills,2024-11-05,16.6647257635953
NoFrills,2024-11-06,16.3699630770396
NoFrills,2024-11-07,17.8966812267941
NoFrills,2024-11-08,17.912390378754
NoFrills,2024-11-09,17.9192504808778
NoFrills,2024-11-10,17.9493848923451
NoFrills,2024-11-11,17.9062283692177
SaveOnFoods,2024-09-28,21.0562386610696
SaveOnFoods,2024-09-29,20.8650499312025
SaveOnFoods,2024-09-30,20.7837564051487
SaveOnFoods,2024-10-01,20.7517191437731
SaveOnFoods,2024-10-02,20.742398279216
SaveOnFoods,2024-10-03,22.413171000192
SaveOnFoods,2024-10-04,22.8934674548601
SaveOnFoods,2024-10-05,23.4034275701617
SaveOnFoods,2024-10-06,23.297739069388
SaveOnFoods,2024-10-07,23.3423005212289
SaveOnFoods,2024-10-08,23.180914778508
SaveOnFoods,2024-10-09,23.3081406294378
SaveOnFoods,2024-10-10,22.7632381292485
SaveOnFoods,2024-10-11,22.7833670830466
SaveOnFoods,2024-10-12,22.7517179492634
SaveOnFoods,2024-10-13,22.7615168494238
SaveOnFoods,2024-10-14,22.8059360983802
SaveOnFoods,2024-10-15,22.8253510835106
SaveOnFoods,2024-10-16,22.7170632535464
SaveOnFoods,2024-10-17,23.3899771837449
SaveOnFoods,2024-10-18,23.1639148169505
SaveOnFoods,2024-10-19,23.1312924258069
SaveOnFoods,2024-10-20,23.137726834293
SaveOnFoods,2024-10-21,23.1296253291108
SaveOnFoods,2024-10-22,23.1666257691035
SaveOnFoods,2024-10-23,23.1861224034118
SaveOnFoods,2024-10-24,22.4707072474876
SaveOnFoods,2024-10-25,22.4951796068644
SaveOnFoods,2024-10-26,22.3813060207631
SaveOnFoods,2024-10-27,22.4518652738585
SaveOnFoods,2024-10-28,22.407436260783
SaveOnFoods,2024-10-29,22.3825798660883
SaveOnFoods,2024-10-30,22.3860739947259
SaveOnFoods,2024-10-31,22.1096593525925
SaveOnFoods,2024-11-01,22.4510336767847
SaveOnFoods,2024-11-02,22.5816532534529
SaveOnFoods,2024-11-03,22.6356483455047
SaveOnFoods,2024-11-04,22.4899095095438
SaveOnFoods,2024-11-05,22.3476871811536
SaveOnFoods,2024-11-06,22.1311667032733
SaveOnFoods,2024-11-07,22.1563250693379
SaveOnFoods,2024-11-08,22.0679766143534
SaveOnFoods,2024-11-09,22.0607683746256
SaveOnFoods,2024-11-10,22.0991787395676
SaveOnFoods,2024-11-11,21.9266194034447
TandT,2024-02-28,14.6279891259007
TandT,2024-02-29,14.6279891259007
TandT,2024-03-01,14.421846347274
TandT,2024-03-02,13.3811752466577
TandT,2024-03-03,14.421846347274
TandT,2024-03-05,14.421846347274
TandT,2024-03-06,14.421846347274
TandT,2024-03-07,14.421846347274
TandT,2024-03-08,15.2497913860783
TandT,2024-03-10,15.2497913860783
TandT,2024-03-11,15.2497913860783
TandT,2024-03-14,18.53901255055
TandT,2024-03-18,27.0041633642863
TandT,2024-03-19,22.5786709218143
TandT,2024-03-20,27.0041633642863
TandT,2024-03-21,27.0041633642863
TandT,2024-03-22,24.1206191161414
TandT,2024-03-23,24.1206191161414
TandT,2024-03-24,24.1206191161414
TandT,2024-03-25,24.1206191161414
TandT,2024-03-26,24.1206191161414
TandT,2024-03-27,24.1206191161414
TandT,2024-03-28,24.1206191161414
TandT,2024-03-29,25.2422597032276
TandT,2024-03-30,25.2422597032276
TandT,2024-03-31,25.2422597032276
TandT,2024-04-01,25.2422597032276
TandT,2024-04-02,25.2422597032276
TandT,2024-04-03,25.2422597032276
TandT,2024-04-04,25.2422597032276
TandT,2024-04-05,27.7571858937314
TandT,2024-04-06,28.1436275568522
TandT,2024-04-07,27.7571858937314
TandT,2024-04-08,27.5453843094556
TandT,2024-04-09,27.5453843094556
TandT,2024-04-10,27.5453843094556
TandT,2024-04-11,27.5453843094556
TandT,2024-04-12,16.0869164249157
TandT,2024-04-13,16.0869164249157
TandT,2024-04-14,16.9061458749886
TandT,2024-04-15,16.9061458749886
TandT,2024-04-16,16.9061458749886
TandT,2024-04-17,16.9299445820562
TandT,2024-04-18,17.3013954281046
TandT,2024-04-19,20.4054105870614
TandT,2024-04-20,19.0749539585072
TandT,2024-04-21,19.0749539585072
TandT,2024-04-22,16.8943828856751
TandT,2024-04-23,15.4174172776811
TandT,2024-04-24,15.4174172776811
TandT,2024-04-25,19.0749539585072
TandT,2024-04-26,18.272957898878
TandT,2024-04-27,18.272957898878
TandT,2024-04-28,18.272957898878
TandT,2024-04-29,16.7569105989104
TandT,2024-04-30,16.7759964638174
TandT,2024-05-01,16.7759964638174
TandT,2024-05-02,18.286977817753
TandT,2024-05-03,21.0992202896574
TandT,2024-05-04,21.0992202896574
TandT,2024-05-05,21.0992202896574
TandT,2024-05-06,21.0992202896574
TandT,2024-05-07,21.0992202896574
TandT,2024-05-08,21.0992202896574
TandT,2024-05-09,21.0992202896574
TandT,2024-05-10,16.4981737109882
TandT,2024-05-11,16.4981737109882
TandT,2024-05-12,16.4981737109882
TandT,2024-05-13,16.4981737109882
TandT,2024-05-14,16.4981737109882
TandT,2024-05-15,16.4981737109882
TandT,2024-05-16,16.4981737109882
TandT,2024-05-17,18.0841474018475
TandT,2024-05-18,18.2714624101728
TandT,2024-05-19,18.2714624101728
TandT,2024-05-20,18.4697821752373
TandT,2024-05-21,17.5278972876182
TandT,2024-05-22,18.2714624101728
TandT,2024-05-23,18.2714624101728
TandT,2024-05-24,25.2065410512507
TandT,2024-05-25,25.2065410512507
TandT,2024-05-26,25.2065410512507
TandT,2024-05-27,25.2065410512507
TandT,2024-05-28,25.2065410512507
TandT,2024-05-29,25.2065410512507
TandT,2024-05-30,25.2065410512507
TandT,2024-05-31,20.7267294776641
TandT,2024-06-01,20.7267294776641
TandT,2024-06-02,20.7267294776641
TandT,2024-06-03,20.7267294776641
TandT,2024-06-04,20.7267294776641
TandT,2024-06-05,20.7267294776641
TandT,2024-06-06,20.7267294776641
TandT,2024-06-07,19.3135769307807
TandT,2024-06-08,19.3135769307807
TandT,2024-06-09,19.3135769307807
TandT,2024-06-10,21.8690679174184
TandT,2024-06-11,31.786695855227
TandT,2024-06-12,29.2731982954118
TandT,2024-06-13,29.4734222557657
TandT,2024-06-14,30.0233138569921
TandT,2024-06-15,31.2840657715423
TandT,2024-06-16,31.2732756696018
TandT,2024-06-17,26.0402719414255
TandT,2024-06-18,25.5311271569296
TandT,2024-06-19,31.6127827334905
TandT,2024-06-20,30.0477965193631
TandT,2024-06-21,25.6528476191009
TandT,2024-06-22,25.6802176640374
TandT,2024-06-23,25.7120901486734
TandT,2024-06-24,25.7056670934738
TandT,2024-06-25,26.0537015187417
TandT,2024-06-26,39.5017256049177
TandT,2024-06-27,24.4493428407936
TandT,2024-06-28,25.3723274206795
TandT,2024-06-29,25.0086715351858
TandT,2024-06-30,24.6440488888037
TandT,2024-07-01,24.9213233752948
TandT,2024-07-02,23.8583939119048
TandT,2024-07-03,24.1375229417323
TandT,2024-07-04,25.3261262982214
TandT,2024-07-05,28.2373381546844
TandT,2024-07-06,16.2523901159773
TandT,2024-07-07,19.3742475273504
TandT,2024-07-08,28.1431722651618
TandT,2024-07-09,28.2560202158948
TandT,2024-07-10,28.2620298096281
TandT,2024-07-11,16.9745802829612
TandT,2024-07-12,29.0174415866452
TandT,2024-07-13,28.7845029533412
TandT,2024-07-14,28.7944057350341
TandT,2024-07-15,28.5615633057584
TandT,2024-07-16,28.7167595810858
TandT,2024-07-17,28.7326760759648
TandT,2024-07-18,28.7238366705873
TandT,2024-07-19,29.5269050825921
TandT,2024-07-20,29.5842918714504
TandT,2024-07-21,28.5790994175402
TandT,2024-07-22,29.6304396978514
TandT,2024-07-23,29.7393138851529
TandT,2024-07-24,29.6933735288404
TandT,2024-07-25,29.7220008815357
TandT,2024-07-26,29.8409488528366
TandT,2024-07-27,29.4772435352301
TandT,2024-07-28,29.0979786893228
TandT,2024-07-29,30.1973358633195
TandT,2024-07-30,30.2193280239934
TandT,2024-07-31,30.36538980511
TandT,2024-08-01,29.7500780892221
TandT,2024-08-02,31.20748231605
TandT,2024-08-03,30.8837229448441
TandT,2024-08-04,31.0460310830024
TandT,2024-08-05,30.7067590353888
TandT,2024-08-06,27.8730097707322
TandT,2024-08-07,29.2368759245867
TandT,2024-08-08,25.4405696111577
TandT,2024-08-09,23.2732192128425
TandT,2024-08-10,23.1505535580714
TandT,2024-08-11,25.1190931463007
TandT,2024-08-12,24.8987464594175
TandT,2024-08-13,24.5851403138748
TandT,2024-08-14,24.7807588203197
TandT,2024-08-15,22.6652398264982
TandT,2024-08-16,26.8161784674809
TandT,2024-08-17,26.7629576947525
TandT,2024-08-18,26.6980470239245
TandT,2024-08-19,26.6775553561206
TandT,2024-08-20,26.4782245959181
TandT,2024-08-21,26.1254814755196
TandT,2024-08-22,25.783727465705
TandT,2024-08-23,24.2085335460688
TandT,2024-08-24,25.4271322555541
TandT,2024-08-25,25.3118847444878
TandT,2024-08-26,25.1360230356733
TandT,2024-08-27,24.1483862244766
TandT,2024-08-28,24.1607668291264
TandT,2024-08-29,24.0286248341992
TandT,2024-08-30,24.2180784325727
TandT,2024-08-31,25.0323663488919
TandT,2024-09-01,24.5115941028944
TandT,2024-09-02,24.7139834010764
TandT,2024-09-03,25.1607982634467
TandT,2024-09-04,25.057182492901
TandT,2024-09-05,24.810456060312
TandT,2024-09-06,24.7826596550315
TandT,2024-09-07,24.7408425377649
TandT,2024-09-08,24.7860927543089
TandT,2024-09-09,24.3205380222187
TandT,2024-09-10,24.7139736134543
TandT,2024-09-11,24.9909807175018
TandT,2024-09-12,24.1222275109071
TandT,2024-09-13,25.107811400318
TandT,2024-09-14,24.9734099393202
TandT,2024-09-15,24.6495860481375
TandT,2024-09-16,27.2718751475638
TandT,2024-09-17,25.0385977035967
TandT,2024-09-18,28.0006337133902
TandT,2024-09-19,28.419522758218
TandT,2024-09-20,27.633416420999
TandT,2024-09-21,27.0844552755847
TandT,2024-09-22,27.3731671001177
TandT,2024-09-23,27.0486771150623
TandT,2024-09-24,27.0858074645971
TandT,2024-09-25,27.3334126218826
TandT,2024-09-26,26.8527333854546
TandT,2024-09-27,27.8394208534302
TandT,2024-09-28,27.9413395886354
TandT,2024-09-29,27.8046559115483
TandT,2024-09-30,26.8540152811254
TandT,2024-10-01,26.5075581919633
TandT,2024-10-02,27.4578334532981
TandT,2024-10-03,27.3564505647797
TandT,2024-10-04,27.769432573069
TandT,2024-10-05,27.7913739275292
TandT,2024-10-06,27.3622877356659
TandT,2024-10-07,27.4920929287551
TandT,2024-10-08,27.4918165960894
TandT,2024-10-09,27.682149983496
TandT,2024-10-10,27.6038233798233
TandT,2024-10-11,27.1107950947374
TandT,2024-10-12,27.1901372862474
TandT,2024-10-13,26.8846102440319
TandT,2024-10-14,27.049361827859
TandT,2024-10-15,27.1267127688027
TandT,2024-10-16,27.2847860985418
TandT,2024-10-17,26.907292206084
TandT,2024-10-18,28.1436416721706
TandT,2024-10-19,27.08274889929
TandT,2024-10-20,26.9062518797173
TandT,2024-10-21,27.7725544811819
TandT,2024-10-22,27.7233052232171
TandT,2024-10-23,27.7311512883618
TandT,2024-10-24,26.9112795721577
TandT,2024-10-25,27.480235872015
TandT,2024-10-26,27.2073989465095
TandT,2024-10-27,27.1443351523369
TandT,2024-10-28,27.8583433622716
TandT,2024-10-29,27.6831416391981
TandT,2024-10-30,27.721830005569
TandT,2024-10-31,27.712344927088
TandT,2024-11-01,28.2551047639442
TandT,2024-11-02,27.9411327066673
TandT,2024-11-03,27.5125088459379
TandT,2024-11-04,27.9799410295264
TandT,2024-11-05,27.9357054709165
TandT,2024-11-06,27.763727927824
TandT,2024-11-07,26.5138521865447
TandT,2024-11-08,26.3419983008435
TandT,2024-11-09,26.2474214161774
TandT,2024-11-10,26.3396861002302
TandT,2024-11-11,25.4717424847692
Voila,2024-02-28,14.3585490029279
Voila,2024-02-29,15.3708462010948
Voila,2024-03-01,15.0450028485294
Voila,2024-03-02,15.0450028485294
Voila,2024-03-03,15.0480766947984
Voila,2024-03-04,15.053903460325
Voila,2024-03-05,15.053903460325
Voila,2024-03-06,15.053903460325
Voila,2024-03-07,14.0652219757421
Voila,2024-03-08,14.1384984478421
Voila,2024-03-09,14.0993519876356
Voila,2024-03-10,14.0993519876356
Voila,2024-03-11,14.0993519876356
Voila,2024-03-12,14.0652219757421
Voila,2024-03-13,14.0652219757421
Voila,2024-03-14,10.5046589536523
Voila,2024-03-15,12.2569393493327
Voila,2024-03-16,12.2569393493327
Voila,2024-03-17,12.2569393493327
Voila,2024-03-18,10.5046589536523
Voila,2024-03-19,12.2569393493327
Voila,2024-03-20,12.2569393493327
Voila,2024-03-21,14.9090617890939
Voila,2024-03-22,14.9090617890939
Voila,2024-03-23,14.9090617890939
Voila,2024-03-24,14.9090617890939
Voila,2024-03-25,12.126421644038
Voila,2024-03-26,12.6739752498334
Voila,2024-03-27,14.9090617890939
Voila,2024-03-28,13.8114561983995
Voila,2024-03-29,11.6171258249889
Voila,2024-03-30,13.8114561983995
Voila,2024-03-31,13.8114561983995
Voila,2024-04-01,13.8114561983995
Voila,2024-04-02,13.8114561983995
Voila,2024-04-03,13.8114561983995
Voila,2024-04-04,12.9675016034907
Voila,2024-04-05,12.9675016034907
Voila,2024-04-06,12.9675016034907
Voila,2024-04-07,12.9675016034907
Voila,2024-04-08,12.9675016034907
Voila,2024-04-09,12.9675016034907
Voila,2024-04-10,12.9675016034907
Voila,2024-04-11,12.4434366930009
Voila,2024-04-12,12.4434366930009
Voila,2024-04-13,12.4434366930009
Voila,2024-04-14,11.6171258249889
Voila,2024-04-15,11.6171258249889
Voila,2024-04-16,12.4434366930009
Voila,2024-04-17,12.4434366930009
Voila,2024-04-18,19.1251739272381
Voila,2024-04-19,19.7010259490749
Voila,2024-04-20,19.7010259490749
Voila,2024-04-21,19.7010259490749
Voila,2024-04-22,19.7010259490749
Voila,2024-04-23,19.7010259490749
Voila,2024-04-24,19.7010259490749
Voila,2024-04-25,14.7664863665247
Voila,2024-04-26,14.7664863665247
Voila,2024-04-27,14.7664863665247
Voila,2024-04-28,14.7664863665247
Voila,2024-04-29,14.7664863665247
Voila,2024-04-30,14.7664863665247
Voila,2024-05-01,14.7664863665247
Voila,2024-05-02,18.5190869886933
Voila,2024-05-03,17.8818777641589
Voila,2024-05-04,17.8818777641589
Voila,2024-05-05,17.8818777641589
Voila,2024-05-06,17.8818777641589
Voila,2024-05-07,17.8818777641589
Voila,2024-05-08,17.8818777641589
Voila,2024-05-09,18.5373817640052
Voila,2024-05-11,18.5373817640052
Voila,2024-05-12,18.5373817640052
Voila,2024-05-13,18.5373817640052
Voila,2024-05-17,18.4199560202402
Voila,2024-05-18,18.4199560202402
Voila,2024-05-19,18.4199560202402
Voila,2024-05-20,18.4199560202402
Voila,2024-05-21,18.4199560202402
Voila,2024-05-22,18.4199560202402
Voila,2024-05-23,19.0198202799022
Voila,2024-05-24,19.0198202799022
Voila,2024-05-25,19.0198202799022
Voila,2024-05-26,19.0198202799022
Voila,2024-05-27,19.0198202799022
Voila,2024-05-28,19.0198202799022
Voila,2024-05-29,19.0198202799022
Voila,2024-05-30,24.5070363903872
Voila,2024-05-31,24.5070363903872
Voila,2024-06-01,24.5070363903872
Voila,2024-06-02,24.5070363903872
Voila,2024-06-03,24.5070363903872
Voila,2024-06-04,24.5070363903872
Voila,2024-06-05,24.5070363903872
Voila,2024-06-06,20.3129157343655
Voila,2024-06-07,20.3129157343655
Voila,2024-06-08,20.3129157343655
Voila,2024-06-09,20.3129157343655
Voila,2024-06-10,20.8294175485575
Voila,2024-06-11,19.9519974807466
Voila,2024-06-12,20.0260793072477
Voila,2024-06-13,19.0453487374046
Voila,2024-06-14,19.0863881238902
Voila,2024-06-15,19.0865747931984
Voila,2024-06-16,19.0982674890042
Voila,2024-06-17,19.1206731028277
Voila,2024-06-18,19.0988907495593
Voila,2024-06-19,19.0304988628042
Voila,2024-06-20,19.5561255408903
Voila,2024-06-21,19.5769421196205
Voila,2024-06-22,19.579447398191
Voila,2024-06-23,19.2834908168182
Voila,2024-06-24,19.5381386173815
Voila,2024-06-25,19.4005656694223
Voila,2024-06-26,19.541565835859
Voila,2024-06-27,19.2131813672474
Voila,2024-06-28,19.2853038691089
Voila,2024-06-29,19.1418958222098
Voila,2024-06-30,19.2491882022057
Voila,2024-07-01,19.2464366157525
Voila,2024-07-02,19.3224577563888
Voila,2024-07-03,19.1625207912072
Voila,2024-07-04,18.7112549047504
Voila,2024-07-05,18.3299331163992
Voila,2024-07-06,18.8859903422449
Voila,2024-07-07,18.7062966137176
Voila,2024-07-08,18.7347291448581
Voila,2024-07-09,18.840826543744
Voila,2024-07-10,18.6926325796583
Voila,2024-07-11,18.6892558811081
Voila,2024-07-12,18.6501485570839
Voila,2024-07-13,18.6423998736451
Voila,2024-07-14,18.6959677054461
Voila,2024-07-15,18.6857646618114
Voila,2024-07-16,18.8376604372981
Voila,2024-07-17,18.8128741638789
Voila,2024-07-18,18.9182844801295
Voila,2024-07-19,18.9743957657914
Voila,2024-07-20,18.9886597251156
Voila,2024-07-21,18.9857784798722
Voila,2024-07-22,19.6061924699164
Voila,2024-07-24,19.2674155127232
Voila,2024-07-25,18.6694388809974
Voila,2024-07-26,18.6428109862867
Voila,2024-07-27,18.3119280649859
Voila,2024-07-28,18.6686717470103
Voila,2024-07-29,18.4609222508535
Voila,2024-07-30,18.4146582139276
Voila,2024-07-31,18.3878053049935
Voila,2024-08-01,18.509126300427
Voila,2024-08-02,18.6691303761881
Voila,2024-08-03,18.3685599813453
Voila,2024-08-04,18.5838812170859
Voila,2024-08-05,18.531654287332
Voila,2024-08-06,18.6227824769213
Voila,2024-08-07,18.6888634782086
Voila,2024-08-08,19.8905094297883
Voila,2024-08-09,19.8899267085218
Voila,2024-08-10,19.8790738596246
Voila,2024-08-11,19.9010226677479
Voila,2024-08-12,19.8640118447756
Voila,2024-08-13,19.8962990772904
Voila,2024-08-14,19.8591763666834
Voila,2024-08-15,19.7324604153956
Voila,2024-08-16,19.7400862870931
Voila,2024-08-17,20.0058237467057
Voila,2024-08-18,19.9166976653836
Voila,2024-08-19,19.7599487334787
Voila,2024-08-20,20.0117892286512
Voila,2024-08-21,19.9118174946875
Voila,2024-08-22,19.8974526613959
Voila,2024-08-23,20.1318851447958
Voila,2024-08-24,20.0439281350584
Voila,2024-08-25,20.0515604758767
Voila,2024-08-26,20.3296194180433
Voila,2024-08-28,20.1248803361757
Voila,2024-08-29,20.1002552893014
Voila,2024-08-30,20.0082818280697
Voila,2024-08-31,20.1171719217225
Voila,2024-09-01,20.2430578573045
Voila,2024-09-02,20.1259185999808
Voila,2024-09-03,20.1334071060594
Voila,2024-09-04,20.1985542665417
Voila,2024-09-05,19.3105827103063
Voila,2024-09-06,19.3611326742846
Voila,2024-09-07,19.3531788680939
Voila,2024-09-08,19.3465015696993
Voila,2024-09-09,19.3662518296268
Voila,2024-09-10,19.3498256047382
Voila,2024-09-11,19.2089766692337
Voila,2024-09-12,21.6488737810938
Voila,2024-09-13,21.6225743905929
Voila,2024-09-14,21.2721324880264
Voila,2024-09-15,21.7633488813439
Voila,2024-09-16,21.7601177082747
Voila,2024-09-17,21.7587355573811
Voila,2024-09-18,21.7774999631198
Voila,2024-09-19,20.8563977658827
Voila,2024-09-20,20.8852541977876
Voila,2024-09-21,20.9321796355301
Voila,2024-09-22,20.9351441387219
Voila,2024-09-23,20.9570404781918
Voila,2024-09-24,20.9928402523869
Voila,2024-09-25,21.0005638949673
Voila,2024-09-26,20.854721633075
Voila,2024-09-27,20.7572098198661
Voila,2024-09-28,20.7705239837381
Voila,2024-09-29,20.4387319844446
Voila,2024-09-30,20.7638405775829
Voila,2024-10-01,20.7475283073278
Voila,2024-10-02,20.7584515350913
Voila,2024-10-03,21.3703390597711
Voila,2024-10-04,21.404450448793
Voila,2024-10-05,21.382524263183
Voila,2024-10-06,21.3624296349909
Voila,2024-10-07,21.3686834110172
Voila,2024-10-08,21.3913526203685
Voila,2024-10-09,21.3287426465738
Voila,2024-10-10,22.1233867429193
Voila,2024-10-11,22.1597091531476
Voila,2024-10-12,22.1448934228832
Voila,2024-10-13,22.1489764633852
Voila,2024-10-14,22.1487622277312
Voila,2024-10-16,22.1225522941567
Voila,2024-10-17,20.5413506304284
Voila,2024-10-18,20.4218706797046
Voila,2024-10-19,20.4798802743397
Voila,2024-10-20,20.4551412383493
Voila,2024-10-21,20.3569714776414
Voila,2024-10-22,20.3671269510458
Voila,2024-10-23,20.4305254860078
Voila,2024-10-24,21.5019679903488
Voila,2024-10-25,21.4013744745911
Voila,2024-10-26,21.6108678383815
Voila,2024-10-27,21.6658596312865
Voila,2024-10-28,21.5731110786608
Voila,2024-10-29,21.590985707689
Voila,2024-10-30,21.6880284188065
Voila,2024-10-31,20.1892279271969
Voila,2024-11-01,20.2018583257546
Voila,2024-11-02,20.3249561481446
Voila,2024-11-03,20.2444083212322
Voila,2024-11-04,20.2058103157751
Voila,2024-11-05,20.2088025770335
Voila,2024-11-06,19.9854874621173
Voila,2024-11-07,19.9168792633159
Voila,2024-11-08,19.8328494578705
Voila,2024-11-09,19.8330179047928
Voila,2024-11-10,19.8947356830364
Voila,2024-11-11,19.8815487970519
Walmart,2024-03-04,22.1693236450229
Walmart,2024-03-05,26.4509661611732
Walmart,2024-03-06,26.7350589251658
Walmart,2024-03-07,22.0464247263091
Walmart,2024-03-08,20.8816924232386
Walmart,2024-03-09,26.0198219408028
Walmart,2024-03-10,19.6367226043252
Walmart,2024-03-11,20.8512537001522
Walmart,2024-03-12,16.6414513076387
Walmart,2024-03-13,20.8231564173031
Walmart,2024-03-14,22.5390570678128
Walmart,2024-03-15,22.5390570678128
Walmart,2024-03-16,22.5390570678128
Walmart,2024-03-17,23.8467210169645
Walmart,2024-03-18,22.5390570678128
Walmart,2024-03-19,22.5390570678128
Walmart,2024-03-20,22.5390570678128
Walmart,2024-03-21,21.9664457224
Walmart,2024-03-22,21.9664457224
Walmart,2024-03-23,21.9664457224
Walmart,2024-03-24,21.9664457224
Walmart,2024-03-25,21.9664457224
Walmart,2024-03-26,23.2406981895636
Walmart,2024-03-27,27.8589121727279
Walmart,2024-03-28,23.9111286099792
Walmart,2024-03-29,23.1665267430039
Walmart,2024-03-30,23.1665267430039
Walmart,2024-03-31,23.1665267430039
Walmart,2024-04-01,18.6942812001712
Walmart,2024-04-02,22.3429800792254
Walmart,2024-04-03,20.8064789725157
Walmart,2024-04-04,25.122157605494
Walmart,2024-04-05,25.7081544059295
Walmart,2024-04-06,25.7081544059295
Walmart,2024-04-07,24.891109872867
Walmart,2024-04-08,25.7081544059295
Walmart,2024-04-09,25.7081544059295
Walmart,2024-04-10,25.7081544059295
Walmart,2024-04-11,24.8185954090333
Walmart,2024-04-12,24.8185954090333
Walmart,2024-04-13,24.8185954090333
Walmart,2024-04-14,24.8185954090333
Walmart,2024-04-15,24.8185954090333
Walmart,2024-04-16,26.6172671655309
Walmart,2024-04-17,26.6172671655309
Walmart,2024-04-18,26.6172671655309
Walmart,2024-04-19,26.6172671655309
Walmart,2024-04-20,26.6172671655309
Walmart,2024-04-21,25.4067253457705
Walmart,2024-04-22,25.7371004082513
Walmart,2024-04-23,23.8696456798811
Walmart,2024-04-24,24.7347813722976
Walmart,2024-04-25,25.1609438926739
Walmart,2024-04-26,28.4728180403174
Walmart,2024-04-27,28.5358376675145
Walmart,2024-04-28,26.9351621860543
Walmart,2024-04-29,25.1006036217304
Walmart,2024-04-30,27.2534084222315
Walmart,2024-05-01,25.1609438926739
Walmart,2024-05-02,33.0939356842571
Walmart,2024-05-03,33.8623931531545
Walmart,2024-05-04,33.0939356842571
Walmart,2024-05-05,33.8623931531545
Walmart,2024-05-06,26.8253295629054
Walmart,2024-05-07,34.5640282334522
Walmart,2024-05-08,31.2018089413824
Walmart,2024-05-09,34.0178543228442
Walmart,2024-05-10,29.451526986514
Walmart,2024-05-11,29.451526986514
Walmart,2024-05-12,29.451526986514
Walmart,2024-05-13,31.2741127824878
Walmart,2024-05-14,29.451526986514
Walmart,2024-05-15,29.451526986514
Walmart,2024-05-16,26.130431839324
Walmart,2024-05-17,25.4654234912595
Walmart,2024-05-18,25.4654234912595
Walmart,2024-05-19,15.4952033333894
Walmart,2024-05-20,26.6291881003724
Walmart,2024-05-21,21.6650580198408
Walmart,2024-05-22,20.0344283152542
Walmart,2024-05-23,20.1564730563621
Walmart,2024-05-24,19.2363622225054
Walmart,2024-05-25,17.7179856630804
Walmart,2024-05-26,23.3945373052878
Walmart,2024-05-27,19.9820214333306
Walmart,2024-05-28,17.4997819328197
Walmart,2024-05-29,20.0895607994476
Walmart,2024-05-30,19.9294713500013
Walmart,2024-05-31,19.9294713500013
Walmart,2024-06-01,15.5505769886361
Walmart,2024-06-02,27.0399570072688
Walmart,2024-06-03,15.5505769886361
Walmart,2024-06-04,27.2988478976116
Walmart,2024-06-05,23.4539768732879
Walmart,2024-06-06,20.763970053949
Walmart,2024-06-07,20.763970053949
Walmart,2024-06-08,32.2946612245251
Walmart,2024-06-09,33.1643329432508
Walmart,2024-06-10,24.5422106534934
Walmart,2024-06-11,29.5732815231082
Walmart,2024-06-12,24.2896192521326
Walmart,2024-06-13,28.5221382143115
Walmart,2024-06-14,29.2307488066519
Walmart,2024-06-15,22.559197679211
Walmart,2024-06-16,24.3290327783329
Walmart,2024-06-17,25.1608197308272
Walmart,2024-06-18,25.3136653440388
Walmart,2024-06-19,24.7023264278467
Walmart,2024-06-20,22.4341568617367
Walmart,2024-06-21,21.1658204117457
Walmart,2024-06-22,24.4594260825833
Walmart,2024-06-23,23.4638863460432
Walmart,2024-06-24,21.4291109175876
Walmart,2024-06-25,21.4888593487879
Walmart,2024-06-26,22.002689232428
Walmart,2024-06-27,20.5402662371677
Walmart,2024-06-28,21.3686259314362
Walmart,2024-06-29,21.4707495194458
Walmart,2024-06-30,23.5008031977403
Walmart,2024-07-01,23.9961820198213
Walmart,2024-07-02,24.2924505110929
Walmart,2024-07-03,22.3238164756079
Walmart,2024-07-04,19.0254179020287
Walmart,2024-07-05,21.4285644928418
Walmart,2024-07-06,24.0118491921416
Walmart,2024-07-07,21.440136082877
Walmart,2024-07-08,20.2311999383404
Walmart,2024-07-09,21.5363702335159
Walmart,2024-07-10,22.1945413558382
Walmart,2024-07-11,24.4693484478789
Walmart,2024-07-12,23.3508597812573
Walmart,2024-07-13,24.3761730455844
Walmart,2024-07-14,21.554011765753
Walmart,2024-07-15,22.1423065821752
Walmart,2024-07-16,21.9409658007953
Walmart,2024-07-17,22.2616069284066
Walmart,2024-07-18,21.829176794972
Walmart,2024-07-19,21.506155509852
Walmart,2024-07-20,21.9056490579569
Walmart,2024-07-21,22.6625212391952
Walmart,2024-07-22,21.4124732336255
Walmart,2024-07-23,24.8903524687872
Walmart,2024-07-24,22.1711718978123
Walmart,2024-07-25,22.9107184053558
Walmart,2024-07-26,24.9166169011854
Walmart,2024-07-27,23.2144230174598
Walmart,2024-07-28,23.8330904422065
Walmart,2024-07-29,25.2176833388915
Walmart,2024-07-30,25.8945054409403
Walmart,2024-07-31,26.9553995830806
Walmart,2024-08-01,22.7924701445222
Walmart,2024-08-02,25.8056011419256
Walmart,2024-08-03,24.9890568747687
Walmart,2024-08-04,26.0566472227438
Walmart,2024-08-05,27.043396738663
Walmart,2024-08-06,27.1241376521419
Walmart,2024-08-07,27.8352109286102
Walmart,2024-08-08,30.2637115930995
Walmart,2024-08-09,30.8438420900636
Walmart,2024-08-10,30.810595782656
Walmart,2024-08-11,31.8080870103662
Walmart,2024-08-12,31.562111327775
Walmart,2024-08-13,30.7794350373863
Walmart,2024-08-14,31.2068831490737
Walmart,2024-08-15,31.456853118214
Walmart,2024-08-16,31.2018016040729
Walmart,2024-08-17,30.789459660768
Walmart,2024-08-18,29.6440551582957
Walmart,2024-08-19,30.1809107836106
Walmart,2024-08-20,30.863099840794
Walmart,2024-08-21,30.9980278584462
Walmart,2024-08-22,29.2416496322529
Walmart,2024-08-23,30.2813391534851
Walmart,2024-08-24,31.256094854066
Walmart,2024-08-25,30.3585049096781
Walmart,2024-08-26,32.0872837294019
Walmart,2024-08-27,30.3031271817575
Walmart,2024-08-28,34.4436619906814
Walmart,2024-08-29,26.7628695536532
Walmart,2024-08-30,35.8652882552796
Walmart,2024-08-31,39.6056019888694
Walmart,2024-09-01,36.8555973079028
Walmart,2024-09-02,37.0311357980316
Walmart,2024-09-03,38.5378325275287
Walmart,2024-09-04,38.3520995918765
Walmart,2024-09-05,40.5741644462283
Walmart,2024-09-06,35.2654340733421
Walmart,2024-09-07,38.0096516056469
Walmart,2024-09-08,37.8553710554816
Walmart,2024-09-09,31.6603454840215
Walmart,2024-09-10,30.0483459595347
Walmart,2024-09-11,29.9493778756567
Walmart,2024-09-12,27.9010851837033
Walmart,2024-09-13,30.3844365903002
Walmart,2024-09-14,20.0354424121472
Walmart,2024-09-15,32.7321615589627
Walmart,2024-09-16,27.7309395203875
Walmart,2024-09-17,31.4048571089018
Walmart,2024-09-18,22.2938143572853
Walmart,2024-09-19,23.600703346951
Walmart,2024-09-20,24.2267531576917
Walmart,2024-09-21,23.782298985075
Walmart,2024-09-22,24.5987806950907
Walmart,2024-09-23,28.3944986253898
Walmart,2024-09-24,24.0586546506153
Walmart,2024-09-25,24.8611503123427
Walmart,2024-09-26,21.3629136901104
Walmart,2024-09-27,20.5307569176693
Walmart,2024-09-28,22.3693662849234
Walmart,2024-09-29,23.3206984641842
Walmart,2024-09-30,23.1065489690415
Walmart,2024-10-01,22.2127047134206
Walmart,2024-10-02,21.3274792063743
Walmart,2024-10-03,23.3031553377708
Walmart,2024-10-04,23.7639519998395
Walmart,2024-10-05,23.7407629060421
Walmart,2024-10-06,22.8644916536619
Walmart,2024-10-07,24.9869238042131
Walmart,2024-10-08,23.6405140915437
Walmart,2024-10-09,25.3990433963509
Walmart,2024-10-10,24.9920732589882
Walmart,2024-10-11,21.4459635764206
Walmart,2024-10-12,23.381135982829
Walmart,2024-10-13,26.3959766615432
Walmart,2024-10-14,24.9713365498483
Walmart,2024-10-15,24.0973079442919
Walmart,2024-10-16,26.4464082257418
Walmart,2024-10-17,24.3573291079768
Walmart,2024-10-18,22.0847100444884
Walmart,2024-10-19,22.0374414930514
Walmart,2024-10-20,21.4870907971001
Walmart,2024-10-21,23.9320371675593
Walmart,2024-10-22,24.8225147042824
Walmart,2024-10-23,23.5190218998046
Walmart,2024-10-24,24.9760524870431
Walmart,2024-10-25,23.6000713658513
Walmart,2024-10-26,23.5991490543033
Walmart,2024-10-27,23.8420901516544
Walmart,2024-10-28,22.7967233768354
Walmart,2024-10-29,23.9315827229957
Walmart,2024-10-30,22.9673448080807
Walmart,2024-10-31,22.6223984497317
Walmart,2024-11-01,22.0632939448322
Walmart,2024-11-02,22.0361677720053
Walmart,2024-11-03,22.3401956912292
Walmart,2024-11-04,21.994862505071
Walmart,2024-11-05,22.3059006040379
Walmart,2024-11-06,22.5986272013166
Walmart,2024-11-07,22.6129719344386
Walmart,2024-11-08,22.1317055139864
Walmart,2024-11-09,21.9904769640037
Walmart,2024-11-10,21.6819795358297
Walmart,2024-11-11,21.69436517226
